{
  "accuracy": 0.6101391650099404,
  "precision": 0.6146523178807947,
  "recall": 0.5904572564612326,
  "f1_score": 0.6023119042790509,
  "roc_auc": 0.6630174420672782,
  "confusion_matrix": [
    [
      1584,
      931
    ],
    [
      1030,
      1485
    ]
  ],
  "classification_report": {
    "0": {
      "precision": 0.6059678653404744,
      "recall": 0.6298210735586481,
      "f1-score": 0.6176642620393838,
      "support": 2515.0
    },
    "1": {
      "precision": 0.6146523178807947,
      "recall": 0.5904572564612326,
      "f1-score": 0.6023119042790509,
      "support": 2515.0
    },
    "accuracy": 0.6101391650099404,
    "macro avg": {
      "precision": 0.6103100916106345,
      "recall": 0.6101391650099404,
      "f1-score": 0.6099880831592174,
      "support": 5030.0
    },
    "weighted avg": {
      "precision": 0.6103100916106345,
      "recall": 0.6101391650099404,
      "f1-score": 0.6099880831592173,
      "support": 5030.0
    }
  }
}